from,to,layer_num,layer
Ardnic,Thecac,1,Frugivoria
Arifla,Manzap,1,Frugivoria
Arifla,Syzjam,1,Frugivoria
Artcin,Cecusa,1,Frugivoria
Artcin,Solasp,1,Frugivoria
Artcin,Viscay,1,Frugivoria
Artcin,Visgui,1,Frugivoria
Artcon,Cecusa,1,Frugivoria
Artcon,Viscay,1,Frugivoria
Artcon,Visgui,1,Frugivoria
Artfim,Cecgla,1,Frugivoria
Artfim,Cecpac,1,Frugivoria
Artfim,Ficlus,1,Frugivoria
Artfim,Vasbre,1,Frugivoria
Artgno,Cecfic,1,Frugivoria
Artgno,Cecusa,1,Frugivoria
Artgno,Couvil,1,Frugivoria
Artgno,Vismac,1,Frugivoria
Arthir,Ficcot,1,Frugivoria
Artjam,Acracu,1,Frugivoria
Artjam,Anaexc,1,Frugivoria
Artjam,Andine,1,Frugivoria
Artjam,Annmur,1,Frugivoria
Artjam,Annsqu,1,Frugivoria
Artjam,Broali,1,Frugivoria
Artjam,Byrspi,1,Frugivoria
Artjam,Calbra,1,Frugivoria
Artjam,Calchy,1,Frugivoria
Artjam,Callon,1,Frugivoria
Artjam,Carpap,1,Frugivoria
Artjam,Casedu,1,Frugivoria
Artjam,Ceccon,1,Frugivoria
Artjam,Cecdis,1,Frugivoria
Artjam,Cecfic,1,Frugivoria
Artjam,Cecgla,1,Frugivoria
Artjam,Cecmem,1,Frugivoria
Artjam,Cecobt,1,Frugivoria
Artjam,CecPal,1,Frugivoria
Artjam,Cecpel,1,Frugivoria
Artjam,Cecsch,1,Frugivoria
Artjam,Cecsci,1,Frugivoria
Artjam,Cecusa,1,Frugivoria
Artjam,Cerhex,1,Frugivoria
Artjam,Chrcai,1,Frugivoria
Artjam,Chrica,1,Frugivoria
Artjam,Citaur,1,Frugivoria
Artjam,Clamex,1,Frugivoria
Artjam,Clufla,1,Frugivoria
Artjam,Cocuvi,1,Frugivoria
Artjam,Cofara,1,Frugivoria
Artjam,Corbic,1,Frugivoria
Artjam,Corcol,1,Frugivoria
Artjam,Corden,1,Frugivoria
Artjam,Couvil,1,Frugivoria
Artjam,Cynret,1,Frugivoria
Artjam,Denarb,1,Frugivoria
Artjam,Diomab,1,Frugivoria
Artjam,Dionig,1,Frugivoria
Artjam,Dipodo,1,Frugivoria
Artjam,Dipole,1,Frugivoria
Artjam,Dippan,1,Frugivoria
Artjam,Epihoo,1,Frugivoria
Artjam,Erijap,1,Frugivoria
Artjam,Ficalt,1,Frugivoria
Artjam,Ficben,1,Frugivoria
Artjam,Ficcah,1,Frugivoria
Artjam,Ficcit,1,Frugivoria
Artjam,Ficcos,1,Frugivoria
Artjam,Ficcot,1,Frugivoria
Artjam,Ficcra,1,Frugivoria
Artjam,Ficcro,1,Frugivoria
Artjam,Fichar,1,Frugivoria
Artjam,Ficins,1,Frugivoria
Artjam,Ficmat,1,Frugivoria
Artjam,Ficmax,1,Frugivoria
Artjam,Ficnym,1,Frugivoria
Artjam,Ficobt,1,Frugivoria
Artjam,Ficpar,1,Frugivoria
Artjam,Ficper,1,Frugivoria
Artjam,Ficpop,1,Frugivoria
Artjam,Ficrel,1,Frugivoria
Artjam,Ficret,1,Frugivoria
Artjam,Ficton,1,Frugivoria
Artjam,Fictri,1,Frugivoria
Artjam,Ficyop,1,Frugivoria
Artjam,Flaind,1,Frugivoria
Artjam,Garint,1,Frugivoria
Artjam,Guaulm,1,Frugivoria
Artjam,Guefol,1,Frugivoria
Artjam,Herdid,1,Frugivoria
Artjam,Hyllem,1,Frugivoria
Artjam,Mactin,1,Frugivoria
Artjam,Malgla,1,Frugivoria
Artjam,Mamame,1,Frugivoria
Artjam,Manbid,1,Frugivoria
Artjam,Manind,1,Frugivoria
Artjam,Manzap,1,Frugivoria
Artjam,Melbij,1,Frugivoria
Artjam,Mimele,1,Frugivoria
Artjam,Morroy,1,Frugivoria
Artjam,Muncal,1,Frugivoria
Artjam,Muspar,1,Frugivoria
Artjam,Necamb,1,Frugivoria
Artjam,Neotet,1,Frugivoria
Artjam,Oendis,1,Frugivoria
Artjam,Pasqua,1,Frugivoria
Artjam,Perame,1,Frugivoria
Artjam,Phodac,1,Frugivoria
Artjam,Pimrac,1,Frugivoria
Artjam,Pipadu,1,Frugivoria
Artjam,Pipama,1,Frugivoria
Artjam,Piparb,1,Frugivoria
Artjam,Pipaur,1,Frugivoria
Artjam,Pipgen,1,Frugivoria
Artjam,Pipgla,1,Frugivoria
Artjam,Piphis,1,Frugivoria
Artjam,Pipjac,1,Frugivoria
Artjam,Piplap,1,Frugivoria
Artjam,Pipsan,1,Frugivoria
Artjam,Piptub,1,Frugivoria
Artjam,Porser,1,Frugivoria
Artjam,Pouarm,1,Frugivoria
Artjam,Poucam,1,Frugivoria
Artjam,Poumul,1,Frugivoria
Artjam,Pouret,1,Frugivoria
Artjam,Pousap,1,Frugivoria
Artjam,Preacu,1,Frugivoria
Artjam,Psegla,1,Frugivoria
Artjam,Pseumb,1,Frugivoria
Artjam,Psigua,1,Frugivoria
Artjam,Putrox,1,Frugivoria
Artjam,Quaast,1,Frugivoria
Artjam,Quafun,1,Frugivoria
Artjam,Rhiman,1,Frugivoria
Artjam,Royole,1,Frugivoria
Artjam,Royreg,1,Frugivoria
Artjam,Sabpal,1,Frugivoria
Artjam,Sacgui,1,Frugivoria
Artjam,Sapsap,1,Frugivoria
Artjam,Sidcap,1,Frugivoria
Artjam,Sidfoe,1,Frugivoria
Artjam,Socexo,1,Frugivoria
Artjam,Solrug,1,Frugivoria
Artjam,Spodul,1,Frugivoria
Artjam,Spomom,1,Frugivoria
Artjam,Spopur,1,Frugivoria
Artjam,Sporad,1,Frugivoria
Artjam,Symglo,1,Frugivoria
Artjam,Syzjam,1,Frugivoria
Artjam,Syzlin,1,Frugivoria
Artjam,Syzmal,1,Frugivoria
Artjam,Tercat,1,Frugivoria
Artjam,Thygui,1,Frugivoria
Artjam,Thyspr,1,Frugivoria
Artjam,Tremic,1,Frugivoria
Artjam,Turocc,1,Frugivoria
Artjam,Visgui,1,Frugivoria
Artjam,Vismac,1,Frugivoria
Artjam,Vispan,1,Frugivoria
Artjam,Vitvin,1,Frugivoria
Artlit,Acracu,1,Frugivoria
Artlit,Andine,1,Frugivoria
Artlit,Annmon,1,Frugivoria
Artlit,Annmur,1,Frugivoria
Artlit,Annsqu,1,Frugivoria
Artlit,Artint,1,Frugivoria
Artlit,Bocpro,1,Frugivoria
Artlit,Byrspi,1,Frugivoria
Artlit,Calbra,1,Frugivoria
Artlit,Callon,1,Frugivoria
Artlit,Cammed,1,Frugivoria
Artlit,Cargla,1,Frugivoria
Artlit,Carpap,1,Frugivoria
Artlit,Ceccon,1,Frugivoria
Artlit,Cecdis,1,Frugivoria
Artlit,Cecfic,1,Frugivoria
Artlit,Cecgla,1,Frugivoria
Artlit,Cechol,1,Frugivoria
Artlit,Cecmem,1,Frugivoria
Artlit,Cecobt,1,Frugivoria
Artlit,Cecpac,1,Frugivoria
Artlit,CecPal,1,Frugivoria
Artlit,Cecpel,1,Frugivoria
Artlit,Cecusa,1,Frugivoria
Artlit,Cerhex,1,Frugivoria
Artlit,Chrcai,1,Frugivoria
Artlit,Chrica,1,Frugivoria
Artlit,Cocuvi,1,Frugivoria
Artlit,Corbic,1,Frugivoria
Artlit,Corcol,1,Frugivoria
Artlit,Diomab,1,Frugivoria
Artlit,Dipodo,1,Frugivoria
Artlit,Dipole,1,Frugivoria
Artlit,Dyplut,1,Frugivoria
Artlit,Epihoo,1,Frugivoria
Artlit,Erijap,1,Frugivoria
Artlit,Euguni,1,Frugivoria
Artlit,Eutedu,1,Frugivoria
Artlit,Ficben,1,Frugivoria
Artlit,Ficcah,1,Frugivoria
Artlit,Ficcit,1,Frugivoria
Artlit,Ficcos,1,Frugivoria
Artlit,Ficcot,1,Frugivoria
Artlit,Ficexi,1,Frugivoria
Artlit,Ficins,1,Frugivoria
Artlit,Ficlus,1,Frugivoria
Artlit,Ficmat,1,Frugivoria
Artlit,Ficmax,1,Frugivoria
Artlit,Ficnym,1,Frugivoria
Artlit,Ficobt,1,Frugivoria
Artlit,Ficpar,1,Frugivoria
Artlit,Ficper,1,Frugivoria
Artlit,Ficpop,1,Frugivoria
Artlit,Ficrel,1,Frugivoria
Artlit,Fictri,1,Frugivoria
Artlit,Ficyop,1,Frugivoria
Artlit,Flaind,1,Frugivoria
Artlit,Hyllem,1,Frugivoria
Artlit,Ingver,1,Frugivoria
Artlit,Livchi,1,Frugivoria
Artlit,Mactin,1,Frugivoria
Artlit,Malgla,1,Frugivoria
Artlit,Mamame,1,Frugivoria
Artlit,Manbid,1,Frugivoria
Artlit,Manind,1,Frugivoria
Artlit,Manzap,1,Frugivoria
Artlit,Melbij,1,Frugivoria
Artlit,Mimele,1,Frugivoria
Artlit,Muspar,1,Frugivoria
Artlit,Myrjab,1,Frugivoria
Artlit,Pasqua,1,Frugivoria
Artlit,Perame,1,Frugivoria
Artlit,Pimrac,1,Frugivoria
Artlit,Pipadu,1,Frugivoria
Artlit,Piparb,1,Frugivoria
Artlit,Pipaur,1,Frugivoria
Artlit,Pipdiv,1,Frugivoria
Artlit,Pipgen,1,Frugivoria
Artlit,Poucai,1,Frugivoria
Artlit,Poumul,1,Frugivoria
Artlit,Pousap,1,Frugivoria
Artlit,Pruper,1,Frugivoria
Artlit,Pseumb,1,Frugivoria
Artlit,Psigua,1,Frugivoria
Artlit,Psigui,1,Frugivoria
Artlit,Putrox,1,Frugivoria
Artlit,Royole,1,Frugivoria
Artlit,Sacgui,1,Frugivoria
Artlit,Sapsap,1,Frugivoria
Artlit,Sidfoe,1,Frugivoria
Artlit,Solgra,1,Frugivoria
Artlit,Solpan,1,Frugivoria
Artlit,Solrug,1,Frugivoria
Artlit,Solscu,1,Frugivoria
Artlit,Spodul,1,Frugivoria
Artlit,Spomom,1,Frugivoria
Artlit,Sporad,1,Frugivoria
Artlit,Swapan,1,Frugivoria
Artlit,Syarom,1,Frugivoria
Artlit,Symglo,1,Frugivoria
Artlit,Syzjam,1,Frugivoria
Artlit,Syzmal,1,Frugivoria
Artlit,Tercat,1,Frugivoria
Artlit,Thygui,1,Frugivoria
Artlit,Thyspr,1,Frugivoria
Artlit,Visgui,1,Frugivoria
Artlit,Vismac,1,Frugivoria
Artlit,Vispan,1,Frugivoria
Artlit,Vitvin,1,Frugivoria
Artobs,Cecfic,1,Frugivoria
Artobs,CecPal,1,Frugivoria
Artobs,Cecusa,1,Frugivoria
Artobs,Symglo,1,Frugivoria
Artobs,Thygui,1,Frugivoria
Artobs,Thyspr,1,Frugivoria
Artpha,Anaexc,1,Frugivoria
Artpha,Cecins,1,Frugivoria
Artpha,Cecobt,1,Frugivoria
Artpha,Cecpel,1,Frugivoria
Artpha,Ficcit,1,Frugivoria
Artpha,Ficcos,1,Frugivoria
Artpha,Ficcot,1,Frugivoria
Artpha,Ficcra,1,Frugivoria
Artpha,Ficins,1,Frugivoria
Artpha,Ficmat,1,Frugivoria
Artpha,Ficnym,1,Frugivoria
Artpha,Ficobt,1,Frugivoria
Artpha,Ficpar,1,Frugivoria
Artpha,Ficper,1,Frugivoria
Artpha,Ficpop,1,Frugivoria
Artpha,Fictri,1,Frugivoria
Artpha,Ficyop,1,Frugivoria
Artpha,Lycmul,1,Frugivoria
Artpha,Mactin,1,Frugivoria
Artpha,Muncal,1,Frugivoria
Artpha,Pippel,1,Frugivoria
Artpha,Pouarm,1,Frugivoria
Artpha,Solrug,1,Frugivoria
Artpha,Sporad,1,Frugivoria
Artpla,Manzap,1,Frugivoria
Artpla,Psigua,1,Frugivoria
Arttol,Broali,1,Frugivoria
Arttol,Burcyc,1,Frugivoria
Arttol,Cecobt,1,Frugivoria
Arttol,Cecpel,1,Frugivoria
Arttol,Conico,1,Frugivoria
Arttol,Convol,1,Frugivoria
Arttol,Dryrub,1,Frugivoria
Arttol,Eugaca,1,Frugivoria
Arttol,Ficaur,1,Frugivoria
Arttol,Ficcra,1,Frugivoria
Arttol,Ficper,1,Frugivoria
Arttol,Ficyop,1,Frugivoria
Arttol,Muncal,1,Frugivoria
Arttol,Pipama,1,Frugivoria
Arttol,Pipbis,1,Frugivoria
Arttol,Pipdot,1,Frugivoria
Arttol,Pipepi,1,Frugivoria
Arttol,Piplan,1,Frugivoria
Arttol,Saumon,1,Frugivoria
Arttol,Schven,1,Frugivoria
Arttol,Solaph,1,Frugivoria
Arttol,Solarg,1,Frugivoria
Arttol,Solumb,1,Frugivoria
Artwat,Anaexc,1,Frugivoria
Artwat,Broali,1,Frugivoria
Artwat,Ficcit,1,Frugivoria
Artwat,Ficcos,1,Frugivoria
Artwat,Ficins,1,Frugivoria
Artwat,Ficmat,1,Frugivoria
Artwat,Ficnym,1,Frugivoria
Artwat,Ficobt,1,Frugivoria
Artwat,Ficpar,1,Frugivoria
Artwat,Ficper,1,Frugivoria
Artwat,Ficpop,1,Frugivoria
Artwat,Fictri,1,Frugivoria
Artwat,Ficyop,1,Frugivoria
Artwat,Pouarm,1,Frugivoria
Artwat,Sporad,1,Frugivoria
Bracav,Manzap,1,Frugivoria
Carbre,Acnarb,1,Frugivoria
Carbre,Cecdis,1,Frugivoria
Carbre,Cecfic,1,Frugivoria
Carbre,Cecmem,1,Frugivoria
Carbre,Cecusa,1,Frugivoria
Carbre,Clufla,1,Frugivoria
Carbre,Ficins,1,Frugivoria
Carbre,Guracu,1,Frugivoria
Carbre,Phicun,1,Frugivoria
Carbre,Pipadu,1,Frugivoria
Carbre,Piparb,1,Frugivoria
Carbre,Pipaur,1,Frugivoria
Carbre,Pipcen,1,Frugivoria
Carbre,Pipfri,1,Frugivoria
Carbre,Piphis,1,Frugivoria
Carbre,Pipmul,1,Frugivoria
Carbre,Pippel,1,Frugivoria
Carbre,Pipsan,1,Frugivoria
Carbre,Piptri,1,Frugivoria
Carbre,Senbac,1,Frugivoria
Carbre,Soljam,1,Frugivoria
Carbre,Sollan,1,Frugivoria
Carbre,Solrug,1,Frugivoria
Carbre,Sougui,1,Frugivoria
Carbre,Spomom,1,Frugivoria
Carbre,Thobis,1,Frugivoria
Carbre,Vismac,1,Frugivoria
Carbre,Vistor,1,Frugivoria
Carcas,Aectil,1,Frugivoria
Carcas,Anaexc,1,Frugivoria
Carcas,Broali,1,Frugivoria
Carcas,Carpal,1,Frugivoria
Carcas,Cecfic,1,Frugivoria
Carcas,Cecmem,1,Frugivoria
Carcas,Cecobt,1,Frugivoria
Carcas,Clufla,1,Frugivoria
Carcas,Dipole,1,Frugivoria
Carcas,Ficins,1,Frugivoria
Carcas,Hawule,1,Frugivoria
Carcas,Paspun,1,Frugivoria
Carcas,Pipadu,1,Frugivoria
Carcas,Pipaeq,1,Frugivoria
Carcas,Piparb,1,Frugivoria
Carcas,Pipaug,1,Frugivoria
Carcas,Pipaur,1,Frugivoria
Carcas,Pipcar,1,Frugivoria
Carcas,Pipcen,1,Frugivoria
Carcas,Pipcol,1,Frugivoria
Carcas,Pipcor,1,Frugivoria
Carcas,Pipdar,1,Frugivoria
Carcas,Pipdil,1,Frugivoria
Carcas,Pipfri,1,Frugivoria
Carcas,Pipgla,1,Frugivoria
Carcas,Pipgra,1,Frugivoria
Carcas,Piphis,1,Frugivoria
Carcas,Pipmar,1,Frugivoria
Carcas,Pipmul,1,Frugivoria
Carcas,Pippel,1,Frugivoria
Carcas,Pipret,1,Frugivoria
Carcas,Pipsan,1,Frugivoria
Carcas,Piptri,1,Frugivoria
Carcas,Senbac,1,Frugivoria
Carcas,Senfru,1,Frugivoria
Carcas,Solarb,1,Frugivoria
Carcas,Solhay,1,Frugivoria
Carcas,Sollan,1,Frugivoria
Carcas,Solrug,1,Frugivoria
Carcas,Spomom,1,Frugivoria
Carcas,Vismac,1,Frugivoria
Carcas,Vispan,1,Frugivoria
Carper,Acacol,1,Frugivoria
Carper,Anaexc,1,Frugivoria
Carper,Annexs,1,Frugivoria
Carper,Broali,1,Frugivoria
Carper,Carpal,1,Frugivoria
Carper,Carpap,1,Frugivoria
Carper,Ceccon,1,Frugivoria
Carper,Cecdis,1,Frugivoria
Carper,Cecfic,1,Frugivoria
Carper,Cecgla,1,Frugivoria
Carper,Cecins,1,Frugivoria
Carper,Cecmem,1,Frugivoria
Carper,Cecobt,1,Frugivoria
Carper,Cecpac,1,Frugivoria
Carper,CecPal,1,Frugivoria
Carper,Cecpel,1,Frugivoria
Carper,Cecsci,1,Frugivoria
Carper,Cecusa,1,Frugivoria
Carper,Chrcai,1,Frugivoria
Carper,Clioct,1,Frugivoria
Carper,Clufla,1,Frugivoria
Carper,Cocuvi,1,Frugivoria
Carper,Conxal,1,Frugivoria
Carper,Couuti,1,Frugivoria
Carper,Couvil,1,Frugivoria
Carper,Dipodo,1,Frugivoria
Carper,Dipole,1,Frugivoria
Carper,Dysvir,1,Frugivoria
Carper,Ficben,1,Frugivoria
Carper,Ficcra,1,Frugivoria
Carper,Ficins,1,Frugivoria
Carper,Ficmax,1,Frugivoria
Carper,Ficobt,1,Frugivoria
Carper,Fictri,1,Frugivoria
Carper,Gussup,1,Frugivoria
Carper,Hawule,1,Frugivoria
Carper,Karcal,1,Frugivoria
Carper,Licarb,1,Frugivoria
Carper,Lycgla,1,Frugivoria
Carper,Mactin,1,Frugivoria
Carper,Manbid,1,Frugivoria
Carper,Manind,1,Frugivoria
Carper,Manzap,1,Frugivoria
Carper,Marneu,1,Frugivoria
Carper,Melbij,1,Frugivoria
Carper,Muncal,1,Frugivoria
Carper,Myrpai,1,Frugivoria
Carper,Pasame,1,Frugivoria
Carper,Phicun,1,Frugivoria
Carper,Phyriv,1,Frugivoria
Carper,Pimrac,1,Frugivoria
Carper,Pipadu,1,Frugivoria
Carper,Pipaeq,1,Frugivoria
Carper,Pipama,1,Frugivoria
Carper,Piparb,1,Frugivoria
Carper,Pipaug,1,Frugivoria
Carper,Pipaur,1,Frugivoria
Carper,Pipcar,1,Frugivoria
Carper,Pipcol,1,Frugivoria
Carper,Pipcor,1,Frugivoria
Carper,Pipcra,1,Frugivoria
Carper,Pipcyr,1,Frugivoria
Carper,Pipdar,1,Frugivoria
Carper,Pipdil,1,Frugivoria
Carper,Pipens,1,Frugivoria
Carper,Pipfri,1,Frugivoria
Carper,Pipgau,1,Frugivoria
Carper,Pipgen,1,Frugivoria
Carper,Pipgla,1,Frugivoria
Carper,Pipgra,1,Frugivoria
Carper,Piphis,1,Frugivoria
Carper,Piphos,1,Frugivoria
Carper,Pipjac,1,Frugivoria
Carper,Pipmar,1,Frugivoria
Carper,Pipmol,1,Frugivoria
Carper,Pipmul,1,Frugivoria
Carper,Pippel,1,Frugivoria
Carper,Pipret,1,Frugivoria
Carper,Pipsan,1,Frugivoria
Carper,Pipsec,1,Frugivoria
Carper,Piptri,1,Frugivoria
Carper,Piptub,1,Frugivoria
Carper,Poumul,1,Frugivoria
Carper,Pousap,1,Frugivoria
Carper,Proara,1,Frugivoria
Carper,Psigua,1,Frugivoria
Carper,Psigui,1,Frugivoria
Carper,Quaast,1,Frugivoria
Carper,Rubbra,1,Frugivoria
Carper,Sacgui,1,Frugivoria
Carper,Sapsap,1,Frugivoria
Carper,Senbac,1,Frugivoria
Carper,Senfru,1,Frugivoria
Carper,Senund,1,Frugivoria
Carper,Solarb,1,Frugivoria
Carper,Solasp,1,Frugivoria
Carper,Solcaa,1,Frugivoria
Carper,Soleri,1,Frugivoria
Carper,Solhay,1,Frugivoria
Carper,Solhaz,1,Frugivoria
Carper,Solhir,1,Frugivoria
Carper,Sollan,1,Frugivoria
Carper,Solleu,1,Frugivoria
Carper,Solmeg,1,Frugivoria
Carper,Solpan,1,Frugivoria
Carper,Solpar,1,Frugivoria
Carper,Solpse,1,Frugivoria
Carper,Solrme,1,Frugivoria
Carper,Solrug,1,Frugivoria
Carper,Solrum,1,Frugivoria
Carper,Solvar,1,Frugivoria
Carper,Spomom,1,Frugivoria
Carper,Sporad,1,Frugivoria
Carper,Stegri,1,Frugivoria
Carper,Syzjam,1,Frugivoria
Carper,Syzmal,1,Frugivoria
Carper,Tercat,1,Frugivoria
Carper,Visbac,1,Frugivoria
Carper,Viscay,1,Frugivoria
Carper,Visduc,1,Frugivoria
Carper,Visgla,1,Frugivoria
Carper,Visgui,1,Frugivoria
Carper,Vislat,1,Frugivoria
Carper,Vislau,1,Frugivoria
Carper,Vismac,1,Frugivoria
Carper,Vispan,1,Frugivoria
Carper,Visses,1,Frugivoria
Carsow,Marneu,1,Frugivoria
Carsow,Pipadu,1,Frugivoria
Carsow,Pipaug,1,Frugivoria
Carsow,Pipaur,1,Frugivoria
Carsow,Pipcol,1,Frugivoria
Carsow,Pipfri,1,Frugivoria
Carsow,Pipgla,1,Frugivoria
Carsow,Pipmul,1,Frugivoria
Carsow,Pippel,1,Frugivoria
Carsow,Pipsan,1,Frugivoria
Carsow,Piptri,1,Frugivoria
Carsow,Senfru,1,Frugivoria
Carsow,Solarb,1,Frugivoria
Carsow,Solrug,1,Frugivoria
Carsow,Vispan,1,Frugivoria
Carsub,Cecpel,1,Frugivoria
Carsub,Ficcra,1,Frugivoria
Carsub,Muncal,1,Frugivoria
Carsub,Pipama,1,Frugivoria
Carsub,Pipgen,1,Frugivoria
Carsub,Pipjac,1,Frugivoria
Carsub,Pipmar,1,Frugivoria
Carsub,Piptub,1,Frugivoria
Carsub,Visbac,1,Frugivoria
Censen,Guefol,1,Frugivoria
Censen,Sporad,1,Frugivoria
Chidor,Ficcro,1,Frugivoria
Chidor,Ficnym,1,Frugivoria
Chitri,Ficpop,1,Frugivoria
Chivil,Cecobt,1,Frugivoria
Chivil,Cecusa,1,Frugivoria
Chivil,Ficcah,1,Frugivoria
Chivil,Ficcit,1,Frugivoria
Chivil,Ficcot,1,Frugivoria
Chivil,Ficcra,1,Frugivoria
Chivil,Ficcro,1,Frugivoria
Chivil,Ficins,1,Frugivoria
Chivil,Ficnym,1,Frugivoria
Chivil,Ficobt,1,Frugivoria
Chivil,Ficpar,1,Frugivoria
Chivil,Ficper,1,Frugivoria
Chivil,Ficpop,1,Frugivoria
Chivil,Ficton,1,Frugivoria
Chivil,Fictri,1,Frugivoria
Chivil,Ficyop,1,Frugivoria
Chivil,Herdid,1,Frugivoria
Chomex,Neotet,1,Frugivoria
Enchar,Ficcit,1,Frugivoria
Erosez,Corcol,1,Frugivoria
Erosez,Hohpen,1,Frugivoria
Erosez,Pipadu,1,Frugivoria
Erosez,Preacu,1,Frugivoria
Glocom,Cecins,1,Frugivoria
Glocom,Cecobt,1,Frugivoria
Glocom,Marneu,1,Frugivoria
Glocom,Pipaur,1,Frugivoria
Glocom,Pipcol,1,Frugivoria
Glocom,Pipfri,1,Frugivoria
Glocom,Pipgla,1,Frugivoria
Glocom,Pipsan,1,Frugivoria
Glocom,Solrug,1,Frugivoria
Glocom,Visbac,1,Frugivoria
Glocom,Vispan,1,Frugivoria
Glolon,Cerrep,1,Frugivoria
Glolon,Mactin,1,Frugivoria
Glolon,Manzap,1,Frugivoria
Glolon,Muncal,1,Frugivoria
Glolon,Pillan,1,Frugivoria
Glolon,Piltil,1,Frugivoria
Glolon,Stegri,1,Frugivoria
Glolon,Syzcum,1,Frugivoria
Glosor,Carpap,1,Frugivoria
Glosor,Cecgla,1,Frugivoria
Glosor,Cecins,1,Frugivoria
Glosor,Cecobt,1,Frugivoria
Glosor,CecPal,1,Frugivoria
Glosor,Cecpel,1,Frugivoria
Glosor,Cordod,1,Frugivoria
Glosor,Ficcol,1,Frugivoria
Glosor,Ficcot,1,Frugivoria
Glosor,Ficcra,1,Frugivoria
Glosor,Ficins,1,Frugivoria
Glosor,Mactin,1,Frugivoria
Glosor,Manind,1,Frugivoria
Glosor,Manzap,1,Frugivoria
Glosor,Muncal,1,Frugivoria
Glosor,Muspar,1,Frugivoria
Glosor,Pipama,1,Frugivoria
Glosor,Piparb,1,Frugivoria
Glosor,Pipgen,1,Frugivoria
Glosor,Piptub,1,Frugivoria
Glosor,Psigua,1,Frugivoria
Glosor,Solhir,1,Frugivoria
Glosor,Solpan,1,Frugivoria
Hylund,Marneu,1,Frugivoria
Hylund,Spomom,1,Frugivoria
Hylund,Vispan,1,Frugivoria
Lepcur,Cerrep,1,Frugivoria
Lepcur,Mactin,1,Frugivoria
Lepcur,Manzap,1,Frugivoria
Lepcur,Neotet,1,Frugivoria
Lepcur,Pacweb,1,Frugivoria
Lepcur,Pillan,1,Frugivoria
Lepcur,Stegri,1,Frugivoria
Lepcur,Steste,1,Frugivoria
Lepcur,Syzcum,1,Frugivoria
Lepniv,Neotet,1,Frugivoria
Macwat,Broali,1,Frugivoria
Macwat,Mactin,1,Frugivoria
Macwat,Syzjam,1,Frugivoria
Michir,Anaexc,1,Frugivoria
Michir,Calwar,1,Frugivoria
Michir,Carpal,1,Frugivoria
Michir,Eugnes,1,Frugivoria
Michir,Spomom,1,Frugivoria
Michir,Vislat,1,Frugivoria
Micmeg,Erijap,1,Frugivoria
Micmeg,Muspar,1,Frugivoria
Micmeg,Psigua,1,Frugivoria
Micmeg,Solpan,1,Frugivoria
Micmeg,Syzjam,1,Frugivoria
Phydis,Anaexc,1,Frugivoria
Phydis,Cecins,1,Frugivoria
Phydis,Cecpel,1,Frugivoria
Phydis,Dioebe,1,Frugivoria
Phydis,Ficins,1,Frugivoria
Phydis,Gurlob,1,Frugivoria
Phydis,Manind,1,Frugivoria
Phydis,Manzap,1,Frugivoria
Phydis,Solasp,1,Frugivoria
Phydis,Solrum,1,Frugivoria
Phydis,Spomom,1,Frugivoria
Phydis,Spopur,1,Frugivoria
Phydis,Visgui,1,Frugivoria
Phyelo,Rolmuc,1,Frugivoria
Phyhas,Annmur,1,Frugivoria
Phyhas,Artint,1,Frugivoria
Phyhas,Carpap,1,Frugivoria
Phyhas,Ceccon,1,Frugivoria
Phyhas,Cecdis,1,Frugivoria
Phyhas,Cecfic,1,Frugivoria
Phyhas,Cecmem,1,Frugivoria
Phyhas,Cecpel,1,Frugivoria
Phyhas,Cecsci,1,Frugivoria
Phyhas,Couvil,1,Frugivoria
Phyhas,Diokak,1,Frugivoria
Phyhas,Erijap,1,Frugivoria
Phyhas,Euguni,1,Frugivoria
Phyhas,Fictri,1,Frugivoria
Phyhas,Ficyop,1,Frugivoria
Phyhas,Guracu,1,Frugivoria
Phyhas,Gurlob,1,Frugivoria
Phyhas,Leczab,1,Frugivoria
Phyhas,Livchi,1,Frugivoria
Phyhas,Manind,1,Frugivoria
Phyhas,Manzap,1,Frugivoria
Phyhas,Muspar,1,Frugivoria
Phyhas,Myrjab,1,Frugivoria
Phyhas,Pasqua,1,Frugivoria
Phyhas,Pilpin,1,Frugivoria
Phyhas,Pipadu,1,Frugivoria
Phyhas,Plipin,1,Frugivoria
Phyhas,Poucai,1,Frugivoria
Phyhas,Psigua,1,Frugivoria
Phyhas,Solpan,1,Frugivoria
Phyhas,Tercat,1,Frugivoria
Phyhas,Vismac,1,Frugivoria
Phyhas,Vitvin,1,Frugivoria
Plabra,Cecusa,1,Frugivoria
Plahel,Cecfic,1,Frugivoria
Plahel,Cecobt,1,Frugivoria
Plahel,CecPal,1,Frugivoria
Plahel,Cecusa,1,Frugivoria
Plahel,Ficcit,1,Frugivoria
Plahel,Ficins,1,Frugivoria
Plahel,Ficnym,1,Frugivoria
Plahel,Ficobt,1,Frugivoria
Plahel,Ficpar,1,Frugivoria
Plahel,Ficper,1,Frugivoria
Plahel,Ficpop,1,Frugivoria
Plahel,Fictri,1,Frugivoria
Plahel,Ficyop,1,Frugivoria
Plahel,Pipaur,1,Frugivoria
Plahel,Solrug,1,Frugivoria
Plalin,Emmnit,1,Frugivoria
Plarec,Cecgla,1,Frugivoria
Pygbil,Solgra,1,Frugivoria
Rhipum,Cecdis,1,Frugivoria
Rhipum,Cecfic,1,Frugivoria
Rhipum,Cecsci,1,Frugivoria
Rhipum,Phicun,1,Frugivoria
Rhipum,Pipadu,1,Frugivoria
Rhipum,Solrug,1,Frugivoria
Rhipum,Syzjam,1,Frugivoria
Rhipum,Viscay,1,Frugivoria
Rhipum,Visduc,1,Frugivoria
Rhipum,Visgui,1,Frugivoria
Rhipum,Vismac,1,Frugivoria
Steruf,Cecsch,1,Frugivoria
Steruf,Manbid,1,Frugivoria
Steruf,Piphis,1,Frugivoria
Steruf,Preacu,1,Frugivoria
Stuery,Celigu,1,Frugivoria
Stuery,Erilor,1,Frugivoria
Stuery,Mornig,1,Frugivoria
Stuery,Piphie,1,Frugivoria
Stuery,Piptuc,1,Frugivoria
Stuery,Psycar,1,Frugivoria
Stuery,Ranarm,1,Frugivoria
Stuery,Solali,1,Frugivoria
Stuery,Solcon,1,Frugivoria
Stuery,Solcum,1,Frugivoria
Stuery,Solrip,1,Frugivoria
Stuery,Solsym,1,Frugivoria
Stuery,Solten,1,Frugivoria
Stuery,Soltri,1,Frugivoria
Stuery,Vasbre,1,Frugivoria
Stulil,Anaexc,1,Frugivoria
Stulil,Annexs,1,Frugivoria
Stulil,Carpap,1,Frugivoria
Stulil,Cecdis,1,Frugivoria
Stulil,Cecfic,1,Frugivoria
Stulil,Cecgla,1,Frugivoria
Stulil,Cecobt,1,Frugivoria
Stulil,Cecpac,1,Frugivoria
Stulil,Cecpel,1,Frugivoria
Stulil,Cecusa,1,Frugivoria
Stulil,Celigu,1,Frugivoria
Stulil,Conxal,1,Frugivoria
Stulil,Couuti,1,Frugivoria
Stulil,Cyapro,1,Frugivoria
Stulil,Dysvir,1,Frugivoria
Stulil,Ficcra,1,Frugivoria
Stulil,Mactin,1,Frugivoria
Stulil,Manind,1,Frugivoria
Stulil,Muncal,1,Frugivoria
Stulil,Pasame,1,Frugivoria
Stulil,Phiapp,1,Frugivoria
Stulil,Phodac,1,Frugivoria
Stulil,Pipadu,1,Frugivoria
Stulil,Pipama,1,Frugivoria
Stulil,Piparb,1,Frugivoria
Stulil,Pipgau,1,Frugivoria
Stulil,Pipgen,1,Frugivoria
Stulil,Piphos,1,Frugivoria
Stulil,Pipjac,1,Frugivoria
Stulil,Pipmol,1,Frugivoria
Stulil,Pipsec,1,Frugivoria
Stulil,Piptub,1,Frugivoria
Stulil,Piptuc,1,Frugivoria
Stulil,Porser,1,Frugivoria
Stulil,Rubbra,1,Frugivoria
Stulil,Solali,1,Frugivoria
Stulil,Solasp,1,Frugivoria
Stulil,Solcaa,1,Frugivoria
Stulil,Solcin,1,Frugivoria
Stulil,Soldon,1,Frugivoria
Stulil,Soleri,1,Frugivoria
Stulil,Solgra,1,Frugivoria
Stulil,Solhaz,1,Frugivoria
Stulil,Solhir,1,Frugivoria
Stulil,Sollan,1,Frugivoria
Stulil,Solleu,1,Frugivoria
Stulil,Solpan,1,Frugivoria
Stulil,Solpar,1,Frugivoria
Stulil,Solpse,1,Frugivoria
Stulil,Solrip,1,Frugivoria
Stulil,Solrme,1,Frugivoria
Stulil,Solrud,1,Frugivoria
Stulil,Solruf,1,Frugivoria
Stulil,Solrug,1,Frugivoria
Stulil,Solrum,1,Frugivoria
Stulil,Solsan,1,Frugivoria
Stulil,Solscu,1,Frugivoria
Stulil,Solsub,1,Frugivoria
Stulil,Solswa,1,Frugivoria
Stulil,Solsym,1,Frugivoria
Stulil,Solten,1,Frugivoria
Stulil,Soltri,1,Frugivoria
Stulil,Solvar,1,Frugivoria
Stulil,Stegri,1,Frugivoria
Stulil,Vasbre,1,Frugivoria
Stulil,Viscay,1,Frugivoria
Stulil,Visduc,1,Frugivoria
Stulil,Visgui,1,Frugivoria
Stulud,Acnarb,1,Frugivoria
Stulud,Aspvag,1,Frugivoria
Stulud,Burcyc,1,Frugivoria
Stulud,Cecang,1,Frugivoria
Stulud,Cecobt,1,Frugivoria
Stulud,Convol,1,Frugivoria
Stulud,Dryrub,1,Frugivoria
Stulud,Ficyop,1,Frugivoria
Stulud,Pipaeq,1,Frugivoria
Stulud,Pipama,1,Frugivoria
Stulud,Pipaur,1,Frugivoria
Stulud,Pipbis,1,Frugivoria
Stulud,Pipdot,1,Frugivoria
Stulud,Pipens,1,Frugivoria
Stulud,Pipepi,1,Frugivoria
Stulud,Pipgib,1,Frugivoria
Stulud,Piplan,1,Frugivoria
Stulud,Pipobl,1,Frugivoria
Stulud,Pipphy,1,Frugivoria
Stulud,Pipumb,1,Frugivoria
Stulud,Saumon,1,Frugivoria
Stulud,Solaph,1,Frugivoria
Stulud,Solarg,1,Frugivoria
Stulud,Solnig,1,Frugivoria
Stulud,Solrov,1,Frugivoria
Stulud,Soltum,1,Frugivoria
Stulud,Solumb,1,Frugivoria
Stulud,Xanmic,1,Frugivoria
Stuopo,Piphie,1,Frugivoria
Stuopo,Solsym,1,Frugivoria
Stutil,Cecusa,1,Frugivoria
Stutil,Cyapro,1,Frugivoria
Stutil,Piphos,1,Frugivoria
Stutil,Solasp,1,Frugivoria
Stutil,Solcaa,1,Frugivoria
Stutil,Solpar,1,Frugivoria
Stutil,Solrud,1,Frugivoria
Stutil,Solrug,1,Frugivoria
Stutil,Solrum,1,Frugivoria
Stutil,Solscu,1,Frugivoria
Stutil,Viscay,1,Frugivoria
Stutil,Visgui,1,Frugivoria
Urobil,Cecfic,1,Frugivoria
Urobil,Cecobt,1,Frugivoria
Urobil,CecPal,1,Frugivoria
Urobil,Dipole,1,Frugivoria
Urobil,Ficcah,1,Frugivoria
Urobil,Ficcit,1,Frugivoria
Urobil,Ficcos,1,Frugivoria
Urobil,Ficins,1,Frugivoria
Urobil,Ficmat,1,Frugivoria
Urobil,Ficmax,1,Frugivoria
Urobil,Ficnym,1,Frugivoria
Urobil,Ficobt,1,Frugivoria
Urobil,Ficpar,1,Frugivoria
Urobil,Ficper,1,Frugivoria
Urobil,Ficpop,1,Frugivoria
Urobil,Ficret,1,Frugivoria
Urobil,Fictri,1,Frugivoria
Urobil,Ficyop,1,Frugivoria
Urobil,Pipadu,1,Frugivoria
Urobil,Piparb,1,Frugivoria
Urobil,Pipsan,1,Frugivoria
Urobil,Psigua,1,Frugivoria
Urobil,Sollan,1,Frugivoria
Urobil,Solrug,1,Frugivoria
Urobil,Solrum,1,Frugivoria
Urobil,Vismac,1,Frugivoria
Uromag,CecPal,1,Frugivoria
Vamcar,Callon,1,Frugivoria
Vamcar,Ficcit,1,Frugivoria
Vamcar,Ficins,1,Frugivoria
Vamcar,Ficmax,1,Frugivoria
Vamcar,Ficobt,1,Frugivoria
Vamcar,Ficper,1,Frugivoria
Vamcar,Fictri,1,Frugivoria
Vamcar,Ficyop,1,Frugivoria
Vamcar,Pouarm,1,Frugivoria
Vamcar,Spomom,1,Frugivoria
Vamcar,Sporad,1,Frugivoria
Vamhel,Cecobt,1,Frugivoria
Vamhel,Ficcah,1,Frugivoria
Vamhel,Ficins,1,Frugivoria
Vamnym,Cecobt,1,Frugivoria
Vamnym,Ficcah,1,Frugivoria
Vamnym,Ficcit,1,Frugivoria
Vamnym,Ficins,1,Frugivoria
Vamnym,Ficmax,1,Frugivoria
Vamnym,Ficnym,1,Frugivoria
Vamnym,Ficobt,1,Frugivoria
Vamnym,Ficpar,1,Frugivoria
Vamnym,Ficper,1,Frugivoria
Vamnym,Ficpop,1,Frugivoria
Vamnym,Fictri,1,Frugivoria
Vamnym,Ficyop,1,Frugivoria
Vamnym,Pipaur,1,Frugivoria
Vamnym,Pipsan,1,Frugivoria
Vamnym,Solrug,1,Frugivoria
Vampus,Cecobt,1,Frugivoria
Vampus,Ficcit,1,Frugivoria
Vampus,Ficcos,1,Frugivoria
Vampus,Ficmat,1,Frugivoria
Vampus,Ficpar,1,Frugivoria
Vampus,Ficper,1,Frugivoria
Vampus,Ficpop,1,Frugivoria
Vampus,Fictri,1,Frugivoria
Vampus,Ficyop,1,Frugivoria
Anocau,Abureg,2,Nectarivoria
Anocau,Bauruf,2,Nectarivoria
Anocau,Bauung,2,Nectarivoria
Anocau,Burbor,2,Nectarivoria
Anocau,Burcer,2,Nectarivoria
Anocau,Burcyc,2,Nectarivoria
Anocau,Burcyl,2,Nectarivoria
Anocau,Burlut,2,Nectarivoria
Anocau,Burmul,2,Nectarivoria
Anocau,Bursma,2,Nectarivoria
Anocau,Bursod,2,Nectarivoria
Anocau,Bursuc,2,Nectarivoria
Anocau,Burtru,2,Nectarivoria
Anocau,Dysvir,2,Nectarivoria
Anocau,Hilill,2,Nectarivoria
Anocau,Lafvan,2,Nectarivoria
Anocau,Marcor,2,Nectarivoria
Anocau,Marpol,2,Nectarivoria
Anocau,Merpic,2,Nectarivoria
Anocau,Mucure,2,Nectarivoria
Anocau,Pasuni,2,Nectarivoria
Anocau,Pitbro,2,Nectarivoria
Anocau,Sipsul,2,Nectarivoria
Anocau,Syzjam,2,Nectarivoria
Anocau,Tetova,2,Nectarivoria
Anocau,Vribit,2,Nectarivoria
Anocau,Vriimp,2,Nectarivoria
Anocau,Vrilon,2,Nectarivoria
Anocau,Vrimoe,2,Nectarivoria
Anocau,Vrisaz,2,Nectarivoria
Anofis,Cennig,2,Nectarivoria
Anofis,Pasuni,2,Nectarivoria
Anogeo,Bauruf,2,Nectarivoria
Anogeo,Bomsqu,2,Nectarivoria
Anogeo,Burbor,2,Nectarivoria
Anogeo,Burcer,2,Nectarivoria
Anogeo,Burcyc,2,Nectarivoria
Anogeo,Burcyl,2,Nectarivoria
Anogeo,Burlut,2,Nectarivoria
Anogeo,Burmul,2,Nectarivoria
Anogeo,Bursma,2,Nectarivoria
Anogeo,Bursod,2,Nectarivoria
Anogeo,Bursuc,2,Nectarivoria
Anogeo,Burtru,2,Nectarivoria
Anogeo,CarBra,2,Nectarivoria
Anogeo,Ceipen,2,Nectarivoria
Anogeo,Clespin,2,Nectarivoria
Anogeo,Cobasc,2,Nectarivoria
Anogeo,Creala,2,Nectarivoria
Anogeo,Ingeri,2,Nectarivoria
Anogeo,Ipoamp,2,Nectarivoria
Anogeo,Mansca,2,Nectarivoria
Anogeo,Marcor,2,Nectarivoria
Anogeo,Merpic,2,Nectarivoria
Anogeo,Pasuni,2,Nectarivoria
Anogeo,Pitbro,2,Nectarivoria
Anogeo,Tetova,2,Nectarivoria
Anogeo,Vrilon,2,Nectarivoria
Artcon,Ceipen,2,Nectarivoria
Artcon,Parcac,2,Nectarivoria
Artcon,Parpen,2,Nectarivoria
Artjam,Baupau,2,Nectarivoria
Artjam,Cecpel,2,Nectarivoria
Artjam,Ceipen,2,Nectarivoria
Artjam,Manzap,2,Nectarivoria
Artjam,Neotet,2,Nectarivoria
Artjam,Pacweb,2,Nectarivoria
Artjam,Steste,2,Nectarivoria
Artjam,Talela,2,Nectarivoria
Artlit,Cecpel,2,Nectarivoria
Artlit,Pacweb,2,Nectarivoria
Artlit,Parpen,2,Nectarivoria
Branan,Acafar,2,Nectarivoria
Branan,Bigdiv,2,Nectarivoria
Branan,Diccin,2,Nectarivoria
Branan,Kigafr,2,Nectarivoria
Branan,Lyslat,2,Nectarivoria
Branan,Peladn,2,Nectarivoria
Branan,Talela,2,Nectarivoria
Carbre,Calghi,2,Nectarivoria
Carcas,Calghi,2,Nectarivoria
Carcas,Mabocc,2,Nectarivoria
Carper,Bauung,2,Nectarivoria
Carper,Calghi,2,Nectarivoria
Carper,CarBra,2,Nectarivoria
Carper,Cecpel,2,Nectarivoria
Carper,Epefal,2,Nectarivoria
Carper,Hymsti,2,Nectarivoria
Carper,Musacu,2,Nectarivoria
Carper,Parcac,2,Nectarivoria
Carper,Parnit,2,Nectarivoria
Carper,Pasmuc,2,Nectarivoria
Carper,Stegri,2,Nectarivoria
Chisal,Pacweb,2,Nectarivoria
Chogod,Pacpec,2,Nectarivoria
Chomex,Agamac,2,Nectarivoria
Chomex,Cepcol,2,Nectarivoria
Chomex,Hyltus,2,Nectarivoria
Chomex,Neotet,2,Nectarivoria
Chomex,Pacweb,2,Nectarivoria
Chomex,Paracu,2,Nectarivoria
Chomex,Pilchr,2,Nectarivoria
Chomex,Pseell,2,Nectarivoria
Chomex,Steste,2,Nectarivoria
Ectalb,Calghi,2,Nectarivoria
Erosez,Kigafr,2,Nectarivoria
Glocom,Calghi,2,Nectarivoria
Glocom,Ceipen,2,Nectarivoria
Glocom,Marmex,2,Nectarivoria
Glocom,Marnep,2,Nectarivoria
Glocom,Marner,2,Nectarivoria
Glocom,Marneu,2,Nectarivoria
Glocom,Marser,2,Nectarivoria
Glocom,Matcor,2,Nectarivoria
Glocom,Matoch,2,Nectarivoria
Glocom,Muchol,2,Nectarivoria
Glocom,Ochpyr,2,Nectarivoria
Glocom,Webtun,2,Nectarivoria
Glocom,Wergla,2,Nectarivoria
Glolea,Pseell,2,Nectarivoria
Glolon,Cerrep,2,Nectarivoria
Glolon,Helbar,2,Nectarivoria
Glolon,Pilmor,2,Nectarivoria
Glolon,Stegri,2,Nectarivoria
Glolon,Subhor,2,Nectarivoria
Glosor,Adedic,2,Nectarivoria
Glosor,Agades,2,Nectarivoria
Glosor,Alegra,2,Nectarivoria
Glosor,Baumul,2,Nectarivoria
Glosor,Baupau,2,Nectarivoria
Glosor,Bauung,2,Nectarivoria
Glosor,Callax,2,Nectarivoria
Glosor,CarBra,2,Nectarivoria
Glosor,Ceiaes,2,Nectarivoria
Glosor,Ceipen,2,Nectarivoria
Glosor,Cerrep,2,Nectarivoria
Glosor,Cheala,2,Nectarivoria
Glosor,Clespin,2,Nectarivoria
Glosor,Cocnuc,2,Nectarivoria
Glosor,Crapal,2,Nectarivoria
Glosor,Creala,2,Nectarivoria
Glosor,Crecuj,2,Nectarivoria
Glosor,Dysvir,2,Nectarivoria
Glosor,Harnee,2,Nectarivoria
Glosor,Helbar,2,Nectarivoria
Glosor,Hurpol,2,Nectarivoria
Glosor,Hymsti,2,Nectarivoria
Glosor,Ingeri,2,Nectarivoria
Glosor,Ipoamp,2,Nectarivoria
Glosor,Lafpac,2,Nectarivoria
Glosor,Mabocc,2,Nectarivoria
Glosor,Manzap,2,Nectarivoria
Glosor,Mucure,2,Nectarivoria
Glosor,Musacu,2,Nectarivoria
Glosor,Pacpec,2,Nectarivoria
Glosor,Pacweb,2,Nectarivoria
Glosor,Parnit,2,Nectarivoria
Glosor,Pasmuc,2,Nectarivoria
Glosor,Piltub,2,Nectarivoria
Glosor,Pseell,2,Nectarivoria
Glosor,Psegra,2,Nectarivoria
Glosor,Psesep,2,Nectarivoria
Glosor,Tetova,2,Nectarivoria
Glosor,Thugra,2,Nectarivoria
Glosor,Trigig,2,Nectarivoria
Glosor,Webbio,2,Nectarivoria
Glosor,Webtri,2,Nectarivoria
Hylund,Calghi,2,Nectarivoria
Hylund,Ceipen,2,Nectarivoria
Hylund,Marmex,2,Nectarivoria
Hylund,Marnep,2,Nectarivoria
Hylund,Marner,2,Nectarivoria
Hylund,Marneu,2,Nectarivoria
Hylund,Marpit,2,Nectarivoria
Hylund,Marser,2,Nectarivoria
Hylund,Matbra,2,Nectarivoria
Hylund,Matcor,2,Nectarivoria
Hylund,Matoch,2,Nectarivoria
Hylund,Merneu,2,Nectarivoria
Hylund,Muchol,2,Nectarivoria
Hylund,Ochpyr,2,Nectarivoria
Hylund,Quapar,2,Nectarivoria
Hylund,Thecac,2,Nectarivoria
Hylund,Webtun,2,Nectarivoria
Lambra,Ochpyr,2,Nectarivoria
Lepcur,Agaang,2,Nectarivoria
Lepcur,Agacol,2,Nectarivoria
Lepcur,Agamac,2,Nectarivoria
Lepcur,Agapal,2,Nectarivoria
Lepcur,Agasub,2,Nectarivoria
Lepcur,Albocc,2,Nectarivoria
Lepcur,Baupau,2,Nectarivoria
Lepcur,Bauung,2,Nectarivoria
Lepcur,Broali,2,Nectarivoria
Lepcur,Cargig,2,Nectarivoria
Lepcur,Ceiaes,2,Nectarivoria
Lepcur,Ceipen,2,Nectarivoria
Lepcur,Cepcol,2,Nectarivoria
Lepcur,Cerrep,2,Nectarivoria
Lepcur,Creala,2,Nectarivoria
Lepcur,Cucarg,2,Nectarivoria
Lepcur,Helbar,2,Nectarivoria
Lepcur,Hyltus,2,Nectarivoria
Lepcur,Ingver,2,Nectarivoria
Lepcur,Ipoamp,2,Nectarivoria
Lepcur,Neotet,2,Nectarivoria
Lepcur,Pacpec,2,Nectarivoria
Lepcur,Pacpri,2,Nectarivoria
Lepcur,Pacweb,2,Nectarivoria
Lepcur,Paracu,2,Nectarivoria
Lepcur,Pilchr,2,Nectarivoria
Lepcur,Pilmor,2,Nectarivoria
Lepcur,Pseell,2,Nectarivoria
Lepcur,Stegri,2,Nectarivoria
Lepcur,Steque,2,Nectarivoria
Lepcur,Steste,2,Nectarivoria
Lepcur,Stethu,2,Nectarivoria
Lepcur,Subhor,2,Nectarivoria
Lepcur,Zapfor,2,Nectarivoria
Lepniv,Agasch,2,Nectarivoria
Lepniv,Cargig,2,Nectarivoria
Lepniv,Mansca,2,Nectarivoria
Lepniv,Pacweb,2,Nectarivoria
Lepniv,Pilchr,2,Nectarivoria
Lepniv,Steste,2,Nectarivoria
Lepyer,Agacol,2,Nectarivoria
Lepyer,Ceipen,2,Nectarivoria
Lepyer,Clespin,2,Nectarivoria
Lepyer,Crapal,2,Nectarivoria
Lepyer,Creala,2,Nectarivoria
Lepyer,Hurpol,2,Nectarivoria
Lepyer,Ipoamp,2,Nectarivoria
Lepyer,Mansca,2,Nectarivoria
Lepyer,Pseell,2,Nectarivoria
Licobs,Calghi,2,Nectarivoria
Licobs,Ceipen,2,Nectarivoria
Licobs,Marneu,2,Nectarivoria
Licobs,Matbra,2,Nectarivoria
Licobs,Matcor,2,Nectarivoria
Licobs,Matoch,2,Nectarivoria
Licobs,Muchol,2,Nectarivoria
Licobs,Ochpyr,2,Nectarivoria
Licobs,Quapar,2,Nectarivoria
Licobs,Webtun,2,Nectarivoria
Lonmor,Mimlew,2,Nectarivoria
Lonmor,Piltub,2,Nectarivoria
Lonrob,Calghi,2,Nectarivoria
Lonrob,Marneu,2,Nectarivoria
Lonrob,Matcor,2,Nectarivoria
Lonrob,Matoch,2,Nectarivoria
Lonrob,Ochpyr,2,Nectarivoria
Monred,Bercub,2,Nectarivoria
Monred,Bigdiv,2,Nectarivoria
Monred,Caeves,2,Nectarivoria
Monred,Ceipen,2,Nectarivoria
Monred,Corger,2,Nectarivoria
Monred,Dennud,2,Nectarivoria
Monred,Diccin,2,Nectarivoria
Monred,Hibela,2,Nectarivoria
Monred,Kigafr,2,Nectarivoria
Monred,Leparb,2,Nectarivoria
Monred,Lepsan,2,Nectarivoria
Monred,Lepwri,2,Nectarivoria
Monred,Lyslat,2,Nectarivoria
Monred,Paspen,2,Nectarivoria
Monred,Pseell,2,Nectarivoria
Monred,Royreg,2,Nectarivoria
Monred,Syzjam,2,Nectarivoria
Mushar,Agacol,2,Nectarivoria
Mushar,Alnjor,2,Nectarivoria
Mushar,Ceiaes,2,Nectarivoria
Mushar,Ceipen,2,Nectarivoria
Mushar,Clespin,2,Nectarivoria
Mushar,Corall,2,Nectarivoria
Mushar,Crapal,2,Nectarivoria
Mushar,Creala,2,Nectarivoria
Mushar,Helbar,2,Nectarivoria
Mushar,Ipoamp,2,Nectarivoria
Phydis,Baumul,2,Nectarivoria
Phydis,Baupau,2,Nectarivoria
Phydis,Bauruf,2,Nectarivoria
Phydis,Bauung,2,Nectarivoria
Phydis,CarBra,2,Nectarivoria
Phydis,Ceipen,2,Nectarivoria
Phydis,Lafgly,2,Nectarivoria
Phydis,Ochpyr,2,Nectarivoria
Phydis,Parcac,2,Nectarivoria
Phydis,Parign,2,Nectarivoria
Phydis,Parnit,2,Nectarivoria
Phydis,Parpen,2,Nectarivoria
Phydis,Parpla,2,Nectarivoria
Phyelo,Parpen,2,Nectarivoria
Phyhas,Calghi,2,Nectarivoria
Phyhas,Ceipen,2,Nectarivoria
Phyhas,Hymcou,2,Nectarivoria
Phyhas,Parcac,2,Nectarivoria
Phyhas,Parnit,2,Nectarivoria
Phyhas,Pheguy,2,Nectarivoria
Phyhas,Psegra,2,Nectarivoria
Phypoe,Agagri,2,Nectarivoria
Phypoe,Caeves,2,Nectarivoria
Phypoe,Dennud,2,Nectarivoria
Phypoe,Diccin,2,Nectarivoria
Phypoe,Hibela,2,Nectarivoria
Phypoe,Kigafr,2,Nectarivoria
Phypoe,Leparb,2,Nectarivoria
Phypoe,Royreg,2,Nectarivoria
Plahel,Calghi,2,Nectarivoria
Plalin,CarBra,2,Nectarivoria
Plalin,Hymsti,2,Nectarivoria
Plalin,Lafgly,2,Nectarivoria
Plalin,Musacu,2,Nectarivoria
Rhipum,Tetova,2,Nectarivoria
Stulil,Baupau,2,Nectarivoria
Stulil,Pacweb,2,Nectarivoria
Stulil,Pilchr,2,Nectarivoria
Stulil,Stegri,2,Nectarivoria
Urobil,Parpen,2,Nectarivoria
Vamnym,Calghi,2,Nectarivoria