name,
1,filler
2,filler
3,filler
4,filler
5,filler
6,filler
7,filler
8,filler
9,filler
10,filler
11,filler
12,filler
13,filler
14,filler
15,filler
16,filler
17,filler
18,filler
19,filler
20,filler
21,filler
22,filler
23,filler
24,filler
25,filler
26,filler
27,filler
28,filler
29,filler
30,filler
31,filler
32,filler
33,filler
34,filler
35,filler
36,filler
37,filler
38,filler
39,filler
40,filler
41,filler
42,filler
43,filler
44,filler
45,filler
46,filler
47,filler
48,filler
49,filler
50,filler
51,filler
52,filler
53,filler
54,filler
55,filler
56,filler
57,filler
58,filler
59,filler
60,filler
61,filler
62,filler
63,filler
64,filler
65,filler
66,filler
67,filler
68,filler
69,filler
70,filler
71,filler
72,filler
73,filler
74,filler
75,filler
76,filler
77,filler
78,filler
79,filler
80,filler
81,filler
82,filler
83,filler
84,filler
85,filler
86,filler
87,filler
88,filler
89,filler
90,filler
91,filler
92,filler
93,filler
94,filler
95,filler
96,filler
97,filler
98,filler
99,filler
100,filler
101,filler
102,filler
103,filler
104,filler
105,filler
106,filler
107,filler
108,filler
109,filler
110,filler
111,filler
112,filler
113,filler
114,filler
115,filler
116,filler
117,filler
118,filler
119,filler
120,filler
121,filler
122,filler
123,filler
124,filler
125,filler
126,filler
127,filler
128,filler
129,filler
130,filler
131,filler
132,filler
133,filler
134,filler
135,filler
136,filler
137,filler
138,filler
139,filler
140,filler
141,filler
142,filler
143,filler
144,filler
145,filler
146,filler
147,filler
148,filler
149,filler
150,filler
