name,taxon
Anocau,Bats
Anofis,Bats
Anogeo,Bats
Ardnic,Bats
Arifla,Bats
Artcin,Bats
Artcon,Bats
Artfim,Bats
Artgno,Bats
Arthir,Bats
Artjam,Bats
Artlit,Bats
Artobs,Bats
Artpha,Bats
Artpla,Bats
Arttol,Bats
Artwat,Bats
Bracav,Bats
Branan,Bats
Carbre,Bats
Carcas,Bats
Carper,Bats
Carsow,Bats
Carsub,Bats
Censen,Bats
Chidor,Bats
Chisal,Bats
Chitri,Bats
Chivil,Bats
Chogod,Bats
Chomex,Bats
Ectalb,Bats
Enchar,Bats
Erosez,Bats
Glocom,Bats
Glolea,Bats
Glolon,Bats
Glosor,Bats
Hylund,Bats
Lambra,Bats
Lepcur,Bats
Lepniv,Bats
Lepyer,Bats
Licobs,Bats
Lonmor,Bats
Lonrob,Bats
Macwat,Bats
Michir,Bats
Micmeg,Bats
Monred,Bats
Mushar,Bats
Phydis,Bats
Phyelo,Bats
Phyhas,Bats
Phypoe,Bats
Plabra,Bats
Plahel,Bats
Plalin,Bats
Plarec,Bats
Pygbil,Bats
Rhipum,Bats
Steruf,Bats
Stuery,Bats
Stulil,Bats
Stulud,Bats
Stuopo,Bats
Stutil,Bats
Urobil,Bats
Uromag,Bats
Vamcar,Bats
Vamhel,Bats
Vamnym,Bats
Vampus,Bats
Abureg,Plants
Acacol,Plants
Acafar,Plants
Acnarb,Plants
Acracu,Plants
Adedic,Plants
Aectil,Plants
Agaang,Plants
Agacol,Plants
Agades,Plants
Agagri,Plants
Agamac,Plants
Agapal,Plants
Agasch,Plants
Agasub,Plants
Albocc,Plants
Alegra,Plants
Alnjor,Plants
Anaexc,Plants
Andine,Plants
Annexs,Plants
Annmon,Plants
Annmur,Plants
Annsqu,Plants
Artint,Plants
Aspvag,Plants
Baumul,Plants
Baupau,Plants
Bauruf,Plants
Bauung,Plants
Bercub,Plants
Bigdiv,Plants
Bocpro,Plants
Bomsqu,Plants
Broali,Plants
Burbor,Plants
Burcer,Plants
Burcyc,Plants
Burcyl,Plants
Burlut,Plants
Burmul,Plants
Bursma,Plants
Bursod,Plants
Bursuc,Plants
Burtru,Plants
Byrspi,Plants
Caeves,Plants
Calbra,Plants
Calchy,Plants
Calghi,Plants
Callax,Plants
Callon,Plants
Calwar,Plants
Cammed,Plants
CarBra,Plants
Cargig,Plants
Cargla,Plants
Carpal,Plants
Carpap,Plants
Casedu,Plants
Cecang,Plants
Ceccon,Plants
Cecdis,Plants
Cecfic,Plants
Cecgla,Plants
Cechol,Plants
Cecins,Plants
Cecmem,Plants
Cecobt,Plants
Cecpac,Plants
CecPal,Plants
Cecpel,Plants
Cecsch,Plants
Cecsci,Plants
Cecusa,Plants
Ceiaes,Plants
Ceipen,Plants
Celigu,Plants
Cennig,Plants
Cepcol,Plants
Cerhex,Plants
Cerrep,Plants
Cheala,Plants
Chrcai,Plants
Chrica,Plants
Citaur,Plants
Clamex,Plants
Clespin,Plants
Clioct,Plants
Clufla,Plants
Cobasc,Plants
Cocnuc,Plants
Cocuvi,Plants
Cofara,Plants
Conico,Plants
Convol,Plants
Conxal,Plants
Corall,Plants
Corbic,Plants
Corcol,Plants
Corden,Plants
Cordod,Plants
Corger,Plants
Couuti,Plants
Couvil,Plants
Crapal,Plants
Creala,Plants
Crecuj,Plants
Cucarg,Plants
Cyapro,Plants
Cynret,Plants
Denarb,Plants
Dennud,Plants
Diccin,Plants
Dioebe,Plants
Diokak,Plants
Diomab,Plants
Dionig,Plants
Dipodo,Plants
Dipole,Plants
Dippan,Plants
Dryrub,Plants
Dyplut,Plants
Dysvir,Plants
Emmnit,Plants
Epefal,Plants
Epihoo,Plants
Erijap,Plants
Erilor,Plants
Eugaca,Plants
Eugnes,Plants
Euguni,Plants
Eutedu,Plants
Ficalt,Plants
Ficaur,Plants
Ficben,Plants
Ficcah,Plants
Ficcit,Plants
Ficcol,Plants
Ficcos,Plants
Ficcot,Plants
Ficcra,Plants
Ficcro,Plants
Ficexi,Plants
Fichar,Plants
Ficins,Plants
Ficlus,Plants
Ficmat,Plants
Ficmax,Plants
Ficnym,Plants
Ficobt,Plants
Ficpar,Plants
Ficper,Plants
Ficpop,Plants
Ficrel,Plants
Ficret,Plants
Ficton,Plants
Fictri,Plants
Ficyop,Plants
Flaind,Plants
Garint,Plants
Guaulm,Plants
Guefol,Plants
Guracu,Plants
Gurlob,Plants
Gussup,Plants
Harnee,Plants
Hawule,Plants
Helbar,Plants
Herdid,Plants
Hibela,Plants
Hilill,Plants
Hohpen,Plants
Hurpol,Plants
Hyllem,Plants
Hyltus,Plants
Hymcou,Plants
Hymsti,Plants
Ingeri,Plants
Ingver,Plants
Ipoamp,Plants
Karcal,Plants
Kigafr,Plants
Lafgly,Plants
Lafpac,Plants
Lafvan,Plants
Leczab,Plants
Leparb,Plants
Lepsan,Plants
Lepwri,Plants
Licarb,Plants
Livchi,Plants
Lycgla,Plants
Lycmul,Plants
Lyslat,Plants
Mabocc,Plants
Mactin,Plants
Malgla,Plants
Mamame,Plants
Manbid,Plants
Manind,Plants
Mansca,Plants
Manzap,Plants
Marcor,Plants
Marmex,Plants
Marnep,Plants
Marner,Plants
Marneu,Plants
Marpit,Plants
Marpol,Plants
Marser,Plants
Matbra,Plants
Matcor,Plants
Matoch,Plants
Melbij,Plants
Merneu,Plants
Merpic,Plants
Mimele,Plants
Mimlew,Plants
Mornig,Plants
Morroy,Plants
Muchol,Plants
Mucure,Plants
Muncal,Plants
Musacu,Plants
Muspar,Plants
Myrjab,Plants
Myrpai,Plants
Necamb,Plants
Neotet,Plants
Ochpyr,Plants
Oendis,Plants
Pacpec,Plants
Pacpri,Plants
Pacweb,Plants
Paracu,Plants
Parcac,Plants
Parign,Plants
Parnit,Plants
Parpen,Plants
Parpla,Plants
Pasame,Plants
Pasmuc,Plants
Paspen,Plants
Paspun,Plants
Pasqua,Plants
Pasuni,Plants
Peladn,Plants
Perame,Plants
Pheguy,Plants
Phiapp,Plants
Phicun,Plants
Phodac,Plants
Phyriv,Plants
Pilchr,Plants
Pillan,Plants
Pilmor,Plants
Pilpin,Plants
Piltil,Plants
Piltub,Plants
Pimrac,Plants
Pipadu,Plants
Pipaeq,Plants
Pipama,Plants
Piparb,Plants
Pipaug,Plants
Pipaur,Plants
Pipbis,Plants
Pipcar,Plants
Pipcen,Plants
Pipcol,Plants
Pipcor,Plants
Pipcra,Plants
Pipcyr,Plants
Pipdar,Plants
Pipdil,Plants
Pipdiv,Plants
Pipdot,Plants
Pipens,Plants
Pipepi,Plants
Pipfri,Plants
Pipgau,Plants
Pipgen,Plants
Pipgib,Plants
Pipgla,Plants
Pipgra,Plants
Piphie,Plants
Piphis,Plants
Piphos,Plants
Pipjac,Plants
Piplan,Plants
Piplap,Plants
Pipmar,Plants
Pipmol,Plants
Pipmul,Plants
Pipobl,Plants
Pippel,Plants
Pipphy,Plants
Pipret,Plants
Pipsan,Plants
Pipsec,Plants
Piptri,Plants
Piptub,Plants
Piptuc,Plants
Pipumb,Plants
Pitbro,Plants
Plipin,Plants
Porser,Plants
Pouarm,Plants
Poucai,Plants
Poucam,Plants
Poumul,Plants
Pouret,Plants
Pousap,Plants
Preacu,Plants
Proara,Plants
Pruper,Plants
Pseell,Plants
Psegla,Plants
Psegra,Plants
Psesep,Plants
Pseumb,Plants
Psigua,Plants
Psigui,Plants
Psycar,Plants
Putrox,Plants
Quaast,Plants
Quafun,Plants
Quapar,Plants
Ranarm,Plants
Rhiman,Plants
Rolmuc,Plants
Royole,Plants
Royreg,Plants
Rubbra,Plants
Sabpal,Plants
Sacgui,Plants
Sapsap,Plants
Saumon,Plants
Schven,Plants
Senbac,Plants
Senfru,Plants
Senund,Plants
Sidcap,Plants
Sidfoe,Plants
Sipsul,Plants
Socexo,Plants
Solali,Plants
Solaph,Plants
Solarb,Plants
Solarg,Plants
Solasp,Plants
Solcaa,Plants
Solcin,Plants
Solcon,Plants
Solcum,Plants
Soldon,Plants
Soleri,Plants
Solgra,Plants
Solhay,Plants
Solhaz,Plants
Solhir,Plants
Soljam,Plants
Sollan,Plants
Solleu,Plants
Solmeg,Plants
Solnig,Plants
Solpan,Plants
Solpar,Plants
Solpse,Plants
Solrip,Plants
Solrme,Plants
Solrov,Plants
Solrud,Plants
Solruf,Plants
Solrug,Plants
Solrum,Plants
Solsan,Plants
Solscu,Plants
Solsub,Plants
Solswa,Plants
Solsym,Plants
Solten,Plants
Soltri,Plants
Soltum,Plants
Solumb,Plants
Solvar,Plants
Sougui,Plants
Spodul,Plants
Spomom,Plants
Spopur,Plants
Sporad,Plants
Stegri,Plants
Steque,Plants
Steste,Plants
Stethu,Plants
Subhor,Plants
Swapan,Plants
Syarom,Plants
Symglo,Plants
Syzcum,Plants
Syzjam,Plants
Syzlin,Plants
Syzmal,Plants
Talela,Plants
Tercat,Plants
Tetova,Plants
Thecac,Plants
Thobis,Plants
Thugra,Plants
Thygui,Plants
Thyspr,Plants
Tremic,Plants
Trigig,Plants
Turocc,Plants
Vasbre,Plants
Visbac,Plants
Viscay,Plants
Visduc,Plants
Visgla,Plants
Visgui,Plants
Vislat,Plants
Vislau,Plants
Vismac,Plants
Vispan,Plants
Visses,Plants
Vistor,Plants
Vitvin,Plants
Vribit,Plants
Vriimp,Plants
Vrilon,Plants
Vrimoe,Plants
Vrisaz,Plants
Webbio,Plants
Webtri,Plants
Webtun,Plants
Wergla,Plants
Xanmic,Plants
Zapfor,Plants