name,enchimento
node1,filler
node10,filler
node100,filler
node101,filler
node102,filler
node103,filler
node105,filler
node106,filler
node107,filler
node108,filler
node109,filler
node11,filler
node110,filler
node111,filler
node112,filler
node113,filler
node114,filler
node115,filler
node116,filler
node117,filler
node118,filler
node119,filler
node12,filler
node120,filler
node121,filler
node122,filler
node123,filler
node124,filler
node125,filler
node126,filler
node127,filler
node128,filler
node129,filler
node13,filler
node130,filler
node131,filler
node132,filler
node133,filler
node134,filler
node135,filler
node136,filler
node137,filler
node138,filler
node139,filler
node14,filler
node140,filler
node141,filler
node142,filler
node143,filler
node144,filler
node145,filler
node146,filler
node147,filler
node148,filler
node149,filler
node15,filler
node150,filler
node16,filler
node17,filler
node18,filler
node19,filler
node2,filler
node20,filler
node21,filler
node22,filler
node23,filler
node24,filler
node25,filler
node26,filler
node27,filler
node28,filler
node29,filler
node3,filler
node30,filler
node31,filler
node32,filler
node33,filler
node34,filler
node35,filler
node36,filler
node37,filler
node38,filler
node39,filler
node4,filler
node40,filler
node41,filler
node42,filler
node43,filler
node44,filler
node45,filler
node46,filler
node47,filler
node48,filler
node49,filler
node5,filler
node50,filler
node51,filler
node52,filler
node53,filler
node54,filler
node55,filler
node56,filler
node57,filler
node58,filler
node59,filler
node6,filler
node60,filler
node61,filler
node62,filler
node63,filler
node64,filler
node65,filler
node66,filler
node67,filler
node68,filler
node69,filler
node7,filler
node70,filler
node71,filler
node72,filler
node73,filler
node74,filler
node75,filler
node76,filler
node77,filler
node78,filler
node79,filler
node8,filler
node80,filler
node81,filler
node82,filler
node83,filler
node84,filler
node85,filler
node86,filler
node87,filler
node88,filler
node89,filler
node9,filler
node90,filler
node91,filler
node92,filler
node93,filler
node94,filler
node95,filler
node96,filler
node97,filler
node98,filler
node99,filler
